"author";"year";"tpos";"tneg";"cpos";"cneg";"ablat";"risk_vaccinated"
"Aronson";1948;4;119;11;128;44;0,0325
"Ferguson & Simes";1949;6;300;29;274;55;0,0196
"Rosenthal et al";1960;3;228;11;209;42;0,013
"Hart & Sutherland";1977;62;13536;248;12619;52;0,0046
"Frimodt-Moller et al";1973;33;5036;47;5761;13;0,0065
"Stein & Aronson";1953;180;1361;372;1079;44;0,1168
"Vandiviere et al";1973;8;2537;10;619;19;0,0031
"TPT Madras";1980;505;87886;499;87892;13;0,0057
"Coetzee & Berjak";1968;29;7470;45;7232;27;0,0039
"Rosenthal et al";1961;17;1699;65;1600;42;0,0099
"Comstock et al";1974;186;50448;141;27197;18;0,0037
"Comstock & Webster";1969;5;2493;3;2338;33;0,002
"Comstock et al";1976;27;16886;29;17825;33;0,0016
